<?xml version="1.0" encoding="utf-8"?>
<VisualState xmlns:xsi="http://www.w3.org/2001/XMLSchema-instance" xmlns:xsd="http://www.w3.org/2001/XMLSchema" ShowCheckBoxes="false">
  <TopNode>[0-1000]D:\AkhilMittal\Articles and Blogs\WebAPI\7\sourcecode\WebApi\WebAPI.nunit</TopNode>
  <SelectedNode>[0-1000]D:\AkhilMittal\Articles and Blogs\WebAPI\7\sourcecode\WebApi\WebAPI.nunit</SelectedNode>
  <ExcludeCategories>false</ExcludeCategories>
  <Nodes>
    <Node UniqueName="[0-1000]D:\AkhilMittal\Articles and Blogs\WebAPI\7\sourcecode\WebApi\WebAPI.nunit" Expanded="true" />
    <Node UniqueName="[0-1012]D:\AkhilMittal\Articles and Blogs\WebAPI\7\sourcecode\WebApi\ApiController.Tests\bin\Debug\ApiController.Tests.dll" Expanded="true" />
    <Node UniqueName="[0-1013]ApiController" Expanded="true" />
    <Node UniqueName="[0-1014]ApiController.Tests" Expanded="true" />
    <Node UniqueName="[0-1001]ApiController.Tests.ProductControllerTest" Expanded="true" />
  </Nodes>
</VisualState>